{"errors":[],"warnings":[],"namedChunkGroups":{"app":{"chunks":[4,1,0],"assets":["webpack-runtime-0cb6fb18ee1250b2133b.js","webpack-runtime-0cb6fb18ee1250b2133b.js.map","commons-0e8c48515ea2cb7bd8b7.js","commons-0e8c48515ea2cb7bd8b7.js.map","app-333d0b0da05b3f2a12ca.js","app-333d0b0da05b3f2a12ca.js.map"],"children":{},"childAssets":{}},"component---src-pages-index-js":{"chunks":[3,2],"assets":["styles.c964c9bb2d685d411698.css","styles-27b6e805090f52692689.js","styles-27b6e805090f52692689.js.map","component---src-pages-index-js-f218563ab63042a7ceb3.js","component---src-pages-index-js-f218563ab63042a7ceb3.js.map"],"children":{},"childAssets":{}}},"assetsByChunkName":{"app":["webpack-runtime-0cb6fb18ee1250b2133b.js","commons-0e8c48515ea2cb7bd8b7.js","app-333d0b0da05b3f2a12ca.js"],"component---src-pages-index-js":["styles.c964c9bb2d685d411698.css","styles-27b6e805090f52692689.js","component---src-pages-index-js-f218563ab63042a7ceb3.js"]}}