{"app":["/app-fccedcd8cb5e3c1aa4a9.js"],"component---src-pages-grid-fluid-js":["/component---src-pages-grid-fluid-js-5b1f3875f232e496c55d.js"],"component---src-pages-grid-js":["/component---src-pages-grid-js-830b1d64b3512c17aa35.js"],"component---src-pages-header-2-js":["/component---src-pages-header-2-js-93e953fc756567f827d0.js"],"component---src-pages-header-js":["/component---src-pages-header-js-9c6e3c48de1baa44f14e.js"],"component---src-pages-index-js":["/component---src-pages-index-js-73455c9146b5d87a7aa4.js"]}