{"errors":[],"warnings":["./node_modules/React/cjs/react.production.min.js\nThere are multiple modules with names that only differ in casing.\nThis can lead to unexpected behavior when compiling on a filesystem with other case-semantic.\nUse equal casing. Compare these module identifiers:\n* /Users/adry/proj/_post/rupost/node_modules/babel-loader/lib/index.js??ref--11-0!/Users/adry/proj/_post/rupost/node_modules/React/cjs/react.production.min.js\n    Used by 1 module(s), i. e.\n    /Users/adry/proj/_post/rupost/node_modules/babel-loader/lib/index.js??ref--11-0!/Users/adry/proj/_post/rupost/node_modules/React/index.js\n* /Users/adry/proj/_post/rupost/node_modules/babel-loader/lib/index.js??ref--11-0!/Users/adry/proj/_post/rupost/node_modules/react/cjs/react.production.min.js\n    Used by 1 module(s), i. e.\n    /Users/adry/proj/_post/rupost/node_modules/babel-loader/lib/index.js??ref--11-0!/Users/adry/proj/_post/rupost/node_modules/react/index.js","./node_modules/React/index.js\nThere are multiple modules with names that only differ in casing.\nThis can lead to unexpected behavior when compiling on a filesystem with other case-semantic.\nUse equal casing. Compare these module identifiers:\n* /Users/adry/proj/_post/rupost/node_modules/babel-loader/lib/index.js??ref--11-0!/Users/adry/proj/_post/rupost/node_modules/React/index.js\n    Used by 10 module(s), i. e.\n    /Users/adry/proj/_post/rupost/node_modules/gatsby/dist/utils/babel-loader.js??ref--4-0!/Users/adry/proj/_post/rupost/src/components/header/index.js\n* /Users/adry/proj/_post/rupost/node_modules/babel-loader/lib/index.js??ref--11-0!/Users/adry/proj/_post/rupost/node_modules/react/index.js\n    Used by 78 module(s), i. e.\n    /Users/adry/proj/_post/rupost/node_modules/gatsby/dist/utils/babel-loader.js??ref--4-0!/Users/adry/proj/_post/rupost/.cache/production-app.js"],"namedChunkGroups":{"app":{"chunks":[8,2,1],"assets":["webpack-runtime-6d25b5ad61c6b59fcf66.js","webpack-runtime-6d25b5ad61c6b59fcf66.js.map","commons-76f47bd0441ad5dc3422.js","commons-76f47bd0441ad5dc3422.js.map","app-fccedcd8cb5e3c1aa4a9.js","app-fccedcd8cb5e3c1aa4a9.js.map"],"children":{},"childAssets":{}},"component---src-pages-grid-fluid-js":{"chunks":[0,3],"assets":["styles.99b1689c694b7c254aa6.css","styles-0ae918bd4b7e806ff4d3.js","styles-0ae918bd4b7e806ff4d3.js.map","component---src-pages-grid-fluid-js-5b1f3875f232e496c55d.js","component---src-pages-grid-fluid-js-5b1f3875f232e496c55d.js.map"],"children":{},"childAssets":{}},"component---src-pages-grid-js":{"chunks":[0,4],"assets":["styles.99b1689c694b7c254aa6.css","styles-0ae918bd4b7e806ff4d3.js","styles-0ae918bd4b7e806ff4d3.js.map","component---src-pages-grid-js-830b1d64b3512c17aa35.js","component---src-pages-grid-js-830b1d64b3512c17aa35.js.map"],"children":{},"childAssets":{}},"component---src-pages-header-2-js":{"chunks":[0,5],"assets":["styles.99b1689c694b7c254aa6.css","styles-0ae918bd4b7e806ff4d3.js","styles-0ae918bd4b7e806ff4d3.js.map","component---src-pages-header-2-js-93e953fc756567f827d0.js","component---src-pages-header-2-js-93e953fc756567f827d0.js.map"],"children":{},"childAssets":{}},"component---src-pages-header-js":{"chunks":[0,6],"assets":["styles.99b1689c694b7c254aa6.css","styles-0ae918bd4b7e806ff4d3.js","styles-0ae918bd4b7e806ff4d3.js.map","component---src-pages-header-js-9c6e3c48de1baa44f14e.js","component---src-pages-header-js-9c6e3c48de1baa44f14e.js.map"],"children":{},"childAssets":{}},"component---src-pages-index-js":{"chunks":[0,7],"assets":["styles.99b1689c694b7c254aa6.css","styles-0ae918bd4b7e806ff4d3.js","styles-0ae918bd4b7e806ff4d3.js.map","component---src-pages-index-js-73455c9146b5d87a7aa4.js","component---src-pages-index-js-73455c9146b5d87a7aa4.js.map"],"children":{},"childAssets":{}}},"assetsByChunkName":{"app":["webpack-runtime-6d25b5ad61c6b59fcf66.js","commons-76f47bd0441ad5dc3422.js","app-fccedcd8cb5e3c1aa4a9.js"],"component---src-pages-grid-fluid-js":["styles.99b1689c694b7c254aa6.css","styles-0ae918bd4b7e806ff4d3.js","component---src-pages-grid-fluid-js-5b1f3875f232e496c55d.js"],"component---src-pages-grid-js":["styles.99b1689c694b7c254aa6.css","styles-0ae918bd4b7e806ff4d3.js","component---src-pages-grid-js-830b1d64b3512c17aa35.js"],"component---src-pages-header-2-js":["styles.99b1689c694b7c254aa6.css","styles-0ae918bd4b7e806ff4d3.js","component---src-pages-header-2-js-93e953fc756567f827d0.js"],"component---src-pages-header-js":["styles.99b1689c694b7c254aa6.css","styles-0ae918bd4b7e806ff4d3.js","component---src-pages-header-js-9c6e3c48de1baa44f14e.js"],"component---src-pages-index-js":["styles.99b1689c694b7c254aa6.css","styles-0ae918bd4b7e806ff4d3.js","component---src-pages-index-js-73455c9146b5d87a7aa4.js"]}}